Top pages,Clicks,Impressions,CTR,Position
https://stackseekers.com/web-development-projects/emerald-design-system/,17,177,9.6%,5.85
https://stackseekers.com/web-development-projects/partner-dashboard-upstox/,5,580,0.86%,9.83
https://stackseekers.com/posts/transfer-github-repository/,4,3681,0.11%,20.87
https://stackseekers.com/,3,59,5.08%,21.85
https://stackseekers.com/startup-stack-audit-checklist/,1,731,0.14%,48.5
https://stackseekers.com/web-development-projects/ai-dynamic-crud-app/,1,335,0.3%,20.69
https://stackseekers.com/web-development-projects/dynamic-crud-app-free/,1,46,2.17%,22.07
https://stackseekers.com/about/,1,41,2.44%,9.63
https://stackseekers.com/web-development-services/api-performance-and-integration/,1,27,3.7%,39.48
https://stackseekers.com/web-development-projects/automation/,1,18,5.56%,65.56
https://stackseekers.com/hire-nuxt-developer/,0,355,0%,70.21
https://stackseekers.com/posts/transfer-github-repository/#prerequisites,0,206,0%,9.17
https://stackseekers.com/posts/transfer-github-repository/#step-by-step-guide-to-transferring-a-repository,0,206,0%,9.17
https://stackseekers.com/posts/transfer-github-repository/#why-transfer-a-repository-to-an-organization,0,206,0%,9.17
https://stackseekers.com/stackcast-podcast-mini/,0,173,0%,14.9
https://stackseekers.com/web-development-projects/call-matrix/,0,81,0%,14.49
https://stackseekers.com/web-development-projects/appliance-repair-service-platform/,0,75,0%,36.81
https://stackseekers.com/posts/how-to-make-a-portfolio-website-for-free-in-2025-using-vuepress/,0,58,0%,15.69
https://stackseekers.com/figma-to-vue-development/,0,48,0%,57
https://stackseekers.com/web-development-projects/ai-voice-generator/,0,35,0%,23.63
https://stackseekers.com/web-development-projects/,0,33,0%,21.61
https://stackseekers.com/jiwan-ghosal/,0,21,0%,7.62
https://stackseekers.com/web-development-projects/momentum-incident-management/,0,20,0%,14.55
https://stackseekers.com/web-development-services/programmatic-seo-and-growth/,0,19,0%,47.84
https://stackseekers.com/web-development-projects/marketplace-booking-platform/,0,18,0%,12.11
https://stackseekers.com/web-development-projects/qatar-airways-widget/,0,18,0%,20
https://stackseekers.com/web-development-projects/ibrebuild-for-abn-amro-bank-n-v/,0,17,0%,14.71
https://stackseekers.com/terms-of-service/,0,16,0%,9.31
https://stackseekers.com/privacy-policy/,0,14,0%,9
https://stackseekers.com/posts/,0,14,0%,30.07
https://stackseekers.com/web-development-services/saas-mvp-development/,0,14,0%,57.5
https://stackseekers.com/contact/,0,12,0%,16
https://stackseekers.com/web-development-projects/service-request-system/,0,12,0%,27.17
https://stackseekers.com/web-development-projects/enterprise/,0,10,0%,13.1
https://stackseekers.com/web-development-projects/catch-that-bus/,0,10,0%,32.9
https://stackseekers.com/posts/automate-content-youtube-to-blog-gen-blog/,0,9,0%,7.33
https://stackseekers.com/web-development-projects/local-home-services-pros/,0,9,0%,14.89
https://stackseekers.com/stackseekers-tv/,0,9,0%,22.56
https://stackseekers.com/posts/ai-tools-for-business/,0,9,0%,41.89
https://stackseekers.com/web-development-projects/ready-made-apps/,0,9,0%,46.89
https://stackseekers.com/web-development-projects/frontend-of-tv-maze-api/,0,8,0%,11.88
https://stackseekers.com/web-development-projects/ai/,0,8,0%,13.5
https://stackseekers.com/web-development-services/ai-and-automation-strategy/,0,8,0%,39
https://stackseekers.com/tags/,0,7,0%,5
https://stackseekers.com/posts/software-build-visibility-strategy/,0,7,0%,21.71
https://stackseekers.com/hire-nextjs-developer/,0,6,0%,50.17
https://stackseekers.com/web-development-services/product-architecture-and-scaling/,0,5,0%,37.8
https://stackseekers.com/web-development-services/legacy-modernization/,0,4,0%,77.25
https://stackseekers.com/blog/posts/Beauty-of-earth-Dirang-Arunachal-Pradesh-India.html,0,3,0%,3.67
https://stackseekers.com/posts/scaling-with-programmatic-seo/,0,3,0%,4
https://stackseekers.com/web-development-projects/notion-crud-app/,0,3,0%,5
https://stackseekers.com/web-development-projects/startup-mvps/,0,3,0%,27
https://stackseekers.com/ai-saas-development/,0,3,0%,68.67
https://stackseekers.com/web-development-projects/tech-create/,0,2,0%,4
https://stackseekers.com/posts/the-spaghetti-mvp-technical-debt/,0,2,0%,5
https://stackseekers.com/web-development-services/fractional-cto-and-advisory/,0,2,0%,5
https://stackseekers.com/posts/avoiding-vendor-lock-in-saas/,0,2,0%,6
https://stackseekers.com/web-development-projects/premium-furniture-landing-page-catalog/,0,2,0%,15
https://stackseekers.com/posts/post-launch-maintenance-strategy/,0,2,0%,16.5
https://stackseekers.com/web-development-services/,0,2,0%,17
https://stackseekers.com/web-development-projects/saas/,0,2,0%,31.5
https://stackseekers.com/web-development-projects/trokka-attraction/,0,2,0%,41.5
https://stackseekers.com/web-development-services/internal-tools-and-portals/,0,2,0%,50
https://stackseekers.com/posts/scaling-ops-with-internal-portals/,0,1,0%,1
https://stackseekers.com/web-development-services/enterprise-cloud-migration/,0,1,0%,1
https://stackseekers.com/web-development-services/custom-web-development/,0,1,0%,3
https://stackseekers.com/tags/lead-generation/,0,1,0%,6
https://stackseekers.com/web-development-projects/sr-22-insurance-now/,0,1,0%,6
https://stackseekers.com/tags/programmatic-seo/,0,1,0%,10
https://stackseekers.com/tags/saas/,0,1,0%,15
https://stackseekers.com/tags/modularity/,0,1,0%,16
https://stackseekers.com/tags/ip-ownership/,0,1,0%,33
https://stackseekers.com/tags/frontend-architecture/,0,1,0%,36
https://stackseekers.com/tags/software-lifecycle/,0,1,0%,48
https://stackseekers.com/web-development-projects/recipes/,0,1,0%,75
https://stackseekers.com/posts/how-to-vet-a-development-agency-partner/,0,1,0%,79
https://stackseekers.com/posts/saas-mvp-cost-timeline-2026/,0,1,0%,87
https://stackseekers.com/web-development-projects/contact-form-plugin/,0,1,0%,95