Top queries,Clicks,Impressions,CTR,Position
emerald design system,9,52,17.31%,2.04
upstox partner dashboard,3,272,1.1%,8.9
partner dashboard upstox,1,71,1.41%,7.87
github transfer repository to another organization,1,13,7.69%,15.92
startup technical audit,0,485,0%,38.74
generate crud app with ai,0,170,0%,20.02
tech stack audit service,0,100,0%,76.21
stackcast,0,90,0%,7.23
hire nuxt developers,0,83,0%,58.39
hire nuxt js developers,0,72,0%,68.38
hire nuxtjs developers,0,70,0%,63.94
tech stack audit,0,56,0%,72.48
github move repository to organization,0,51,0%,10.78
call matrix,0,50,0%,9.82
how to transfer repo to organization,0,40,0%,7.88
hire nuxt.js developers,0,39,0%,70.41
ai powered crud app builder,0,37,0%,25.24
move github repo to organization,0,34,0%,10.82
transfer github repo to organization,0,28,0%,10.43
move repo to organization,0,27,0%,8.59
upstox dashboard,0,24,0%,9.33
github move repo to organization,0,21,0%,11.29
how to move github repository to another organization,0,17,0%,9.12
transfer repo to organization,0,16,0%,9.5
move a repository to an organization,0,16,0%,10.25
move repo into organization,0,15,0%,9
how to transfer github repo to organization,0,15,0%,12.73
github transfer repository to organization,0,15,0%,13
platform service repair,0,15,0%,46.07
how to move repo to organization,0,14,0%,7.93
move repository to organization github,0,14,0%,11.36
github migrate repo to organization,0,13,0%,11.69
crud ai,0,13,0%,16.85
dashboard upstox,0,12,0%,9.67
github transfer project to organization,0,12,0%,13
move a repo to an organization,0,12,0%,14.08
technical audit for startup,0,12,0%,58.25
nuxt entwickler,0,12,0%,80.42
small business tech stack audit,0,12,0%,84
move github repository to organization,0,11,0%,9.64
how to move repository in github to organization,0,11,0%,12.27
transfer repository to organization github,0,10,0%,14.1
github transfer repository,0,10,0%,22.8
esketchers,0,10,0%,57.1
web services automation,0,10,0%,83.1
can i move a repo to an organization,0,9,0%,11.56
github change repo organization,0,9,0%,14.67
how to transfer repository github,0,9,0%,22.11
high throughput api,0,9,0%,25.22
small business stack audits,0,9,0%,71.22
how to transfer a repo to an organization,0,8,0%,7
move repo to org,0,8,0%,10
stack cast,0,8,0%,10.62
callmatrix,0,8,0%,11.5
how to move a github repo to an organization,0,8,0%,13.12
how to transfer ownership of github repo,0,8,0%,24.88
github transfer ownership,0,8,0%,27.75
audit technique startup,0,8,0%,75.5
how to move a repo to an organization,0,7,0%,8.43
partner.upstox,0,7,0%,10.57
platform repair,0,7,0%,35.29
hire dedicated nuxt.js developer,0,7,0%,75.71
hire freelance nuxt.js developer,0,7,0%,76.86
how to move a repository to an organization github,0,6,0%,10.17
github move project to organization,0,6,0%,11.5
move github project to organization,0,6,0%,11.5
github transfer repo,0,6,0%,21.5
transfer a repository in github,0,6,0%,25.67
transfer ownership of github repo,0,6,0%,27.5
github change owner of repository,0,6,0%,28.5
figma to vue,0,6,0%,48.33
hire nuxt.js programmer,0,6,0%,74
développeur nuxtjs,0,6,0%,95.5
how to move personal github repo to organization,0,5,0%,7.4
upstox partner login,0,5,0%,8.8
github move repo to org,0,5,0%,9.6
how to transfer a github repo to an organization,0,5,0%,9.8
transfer github repo,0,5,0%,20.8
github move personal repository to organization,0,5,0%,24.2
how to transfer github repo ownership,0,5,0%,27.8
crud generation ai refine,0,5,0%,30.8
how to transfer github ownership,0,5,0%,35.4
universal ai stack for business,0,5,0%,58.8
hire remote nuxt js developers,0,5,0%,85.2
move github repo from one org to another,0,4,0%,9
move a github repo to an organization,0,4,0%,9.75
move repo to organization github,0,4,0%,11.5
partner upstox,0,4,0%,14.75
move github repo to another organization,0,4,0%,18.25
github move repository to another organization,0,4,0%,19.25
transfer github repo ownership,0,4,0%,20
"you can only transfer a repository from an organization to yourself at this 
time",0,4,0%,21
github repository transfer,0,4,0%,22
github move repository to team,0,4,0%,25.5
github transfer repository ownership,0,4,0%,26.75
repository transfer,0,4,0%,27.75
github transfer ownership of organization,0,4,0%,31.75
repairs appliance,0,4,0%,62.75
nuxt freelancer,0,4,0%,73.75
hire remote nuxt.js developer,0,4,0%,81.75
github how to transfer repo to organization,0,3,0%,8.33
github move private repo to organization,0,3,0%,9.67
github docs transfer repository to organization,0,3,0%,10
github how to move repo to organization,0,3,0%,10
move a repo to an organization github,0,3,0%,10.33
upstox partner login dashboard,0,3,0%,11.33
github transfer repo to organization,0,3,0%,14
how to move github repo to organization,0,3,0%,15.33
transfer repository github,0,3,0%,16.33
how to transfer a repository in github,0,3,0%,17
github transfer ownership of repository,0,3,0%,17.33
github transfer project,0,3,0%,22
github move project to another organization,0,3,0%,23
how to add a repo to an organization,0,3,0%,23
emerald system,0,3,0%,23.67
github change repository owner,0,3,0%,24.67
stack podcast,0,3,0%,25.33
github move repository,0,3,0%,27
change owner of github repository,0,3,0%,27.33
github transfer repository to another account,0,3,0%,29.67
transfer github repo to another account,0,3,0%,30
github accept repository transfer,0,3,0%,31.33
github repo ownership,0,3,0%,34.67
command stack podcast,0,3,0%,40
tank seekers,0,3,0%,77
nuxt.js developers,0,3,0%,86
agence nuxtjs,0,3,0%,91
audit ready checklist for startups,0,3,0%,91.67
"organic acquisition and growth, what's the best programmatic seo agency?""",0,3,0%,93
github move a repo to an organization,0,2,0%,7
upstox dashboard login,0,2,0%,10
github move a repository to an organization,0,2,0%,10.5
how to move a repo into an organization,0,2,0%,12
move private repo to organization,0,2,0%,12
how to move private repo to organization,0,2,0%,12.5
transfer repo to organization github,0,2,0%,12.5
robert stack voice generator,0,2,0%,13
move personal github repo to organization,0,2,0%,16
how to transfer github repo,0,2,0%,18
can you transfer ownership of github repo,0,2,0%,18.5
github transfer repo to another organization,0,2,0%,19
transfer repo github,0,2,0%,19.5
change repo owner github,0,2,0%,20
how to transfer ownership of repository in github,0,2,0%,20
transfer github repo to another user,0,2,0%,20
transfer ownership of github repo to organization,0,2,0%,20
repository transfer github,0,2,0%,20.5
transfer github repo from one organization to another,0,2,0%,20.5
github transfer private repo to organization,0,2,0%,21
metakorteks,0,2,0%,21.5
how to transfer github repo to another account,0,2,0%,23
github move repo from personal to organization,0,2,0%,23.5
github repo transfer,0,2,0%,23.5
transfer organization ownership github,0,2,0%,23.5
github organization transfer ownership,0,2,0%,24.5
github transfer repo ownership,0,2,0%,25
github copy repository to another organization,0,2,0%,25.5
how to transfer ownership github,0,2,0%,26
stack pod,0,2,0%,28
keystone upstox,0,2,0%,28.5
github add repo to organization,0,2,0%,29.5
transfer repo,0,2,0%,29.5
emerald systems,0,2,0%,30
move github repo,0,2,0%,30.5
github change repo owner,0,2,0%,31
how to transfer projects from one github account to another,0,2,0%,31.5
gitea move repo to organization,0,2,0%,32
move repo from one github account to another,0,2,0%,32
add repo to organization github,0,2,0%,33
how to move github repository from one account to another,0,2,0%,33
add repository to organization github,0,2,0%,35
github migrate repository,0,2,0%,39
github add repository to organization,0,2,0%,41
github repository ownership,0,2,0%,43
how to give access to github repository to another user,0,2,0%,57
scalable product architecture,0,2,0%,64.5
hire nuxt js developer,0,2,0%,66.5
nuxt developer,0,2,0%,70.5
nuxt js entwickler,0,2,0%,71
legacy system migration services with zero downtime and business continuity,0,2,0%,71.5
high-performance api proxy,0,2,0%,81.5
appliance service for developers,0,2,0%,87.5
api complexity,0,2,0%,89
holanda,0,1,0%,2
momentum incident,0,1,0%,3
is there no other way,0,1,0%,4
migrate github repo to another organization,0,1,0%,8
vue tutorial for freelancers,0,1,0%,8
ai crud,0,1,0%,9
github transfer repository to organization official docs,0,1,0%,9
how to move repo to organization github,0,1,0%,9
how to transfer repository to organization,0,1,0%,9
migrate github repo from one org to another,0,1,0%,9
transfer github repo to another organization,0,1,0%,9
github transfer repository to organization official documentation,0,1,0%,10
upstox partner,0,1,0%,10
upstox partner dashboard login,0,1,0%,10
how to transfer ownership of github repository,0,1,0%,11
github ownership transfer,0,1,0%,13
how to move a repo to an organization in github,0,1,0%,13
how to move github repository to organization,0,1,0%,13
how to transfer ownership of a github repository,0,1,0%,13
"internal repositories can only be transferred to an organization in the 
enterprise",0,1,0%,13
upstox partner program,0,1,0%,13
github move repository between organizations,0,1,0%,14
how to transfer github repo to another organization,0,1,0%,14
how to transfer ownership of a repo in github,0,1,0%,14
move project to organization github,0,1,0%,14
github transfer repository organization,0,1,0%,15
transfer github repository to organization,0,1,0%,15
how to move repo from personal to organization,0,1,0%,16
transfer personal repo to organization github,0,1,0%,16
github transfer repository ownership to organization,0,1,0%,17
move repo from organization to personal,0,1,0%,17
can i move a github repo to an organization,0,1,0%,18
how to move a git repo to another organization,0,1,0%,18
move personal repo to organization,0,1,0%,18
move personal repo to organization github,0,1,0%,18
oakes appliance repair,0,1,0%,19
how to transfer github organization ownership,0,1,0%,20
move repo from personal to organization github,0,1,0%,21
move repo from one org to another,0,1,0%,22
transfer github repository to another user,0,1,0%,22
transfer ownership of repository github,0,1,0%,23
github move repo to another organization,0,1,0%,24
github organization change owner,0,1,0%,25
how to change ownership of github repo,0,1,0%,25
upstox keystone,0,1,0%,25
can you transfer github repo ownership,0,1,0%,26
can you transfer ownership of a github repo,0,1,0%,26
github how to transfer ownership,0,1,0%,26
github repo transfer ownership,0,1,0%,26
github repository ownership transfer,0,1,0%,26
github repository transfer ownership,0,1,0%,26
how to add existing repository to organization github,0,1,0%,26
how to move a github repo from one org to another,0,1,0%,26
how to move personal repo to organization github,0,1,0%,26
how to transfer ownership github repo,0,1,0%,26
transfer github ownership,0,1,0%,26
transfer repository,0,1,0%,26
transfer repository ownership github,0,1,0%,26
add existing repo to organization github,0,1,0%,27
github add to organization,0,1,0%,27
github change owner name,0,1,0%,27
github change ownership of repository,0,1,0%,27
github transfer repo to another account,0,1,0%,27
"github you can only transfer a repository from an organization to yourself 
at this time",0,1,0%,27
how to change repo owner in github,0,1,0%,27
how to transfer github repository to another account,0,1,0%,27
gitea transfer repository to organization,0,1,0%,28
github convert to organization,0,1,0%,28
how to transfer a github repo,0,1,0%,28
how to transfer ownership of github organization,0,1,0%,28
how to transfer repo to another account,0,1,0%,28
tvmaze api,0,1,0%,28
github repo ownership transfer,0,1,0%,29
github transfer,0,1,0%,29
github transfer organization ownership,0,1,0%,29
queryfinders solution,0,1,0%,29
transfer git repo,0,1,0%,29
transfer github app to organization,0,1,0%,29
transfer ownership github,0,1,0%,29
git change owner of repository,0,1,0%,30
gitea move repository to organization,0,1,0%,30
the new stack makers podcast,0,1,0%,30
transfer github organization ownership,0,1,0%,30
transfer repo ownership github,0,1,0%,30
how to change ownership of a github repo,0,1,0%,31
github change organization owner,0,1,0%,32
github transfer repository to another user,0,1,0%,32
how to transfer github repository ownership,0,1,0%,32
github change owner,0,1,0%,33
how to add a repo to an organization in github,0,1,0%,33
platform service and repair,0,1,0%,33
how to transfer a github repo to another account,0,1,0%,34
move github repo from one account to another,0,1,0%,34
add personal repo to organization github,0,1,0%,35
how to transfer github repo ownership to another account,0,1,0%,35
github move repository to another folder,0,1,0%,36
how to transfer repository github to another account,0,1,0%,36
how to add repo to organization github,0,1,0%,37
how to copy a github repository to another account,0,1,0%,37
github migrate repo,0,1,0%,38
platform repairs,0,1,0%,39
stack audit,0,1,0%,39
hire nuxtjs engineer,0,1,0%,40
catchthatbus,0,1,0%,45
figma to vue js,0,1,0%,46
figma make vue,0,1,0%,52
solution seeker,0,1,0%,54
github copy repository to another repository,0,1,0%,55
github repo organization,0,1,0%,55
tech stack strategy consulting,0,1,0%,60
upstox cto,0,1,0%,62
vehikl,0,1,0%,63
wholewave elements,0,1,0%,75
siteseeker,0,1,0%,76
hire dedicated nuxt.js developers,0,1,0%,78
mvp tech stack,0,1,0%,78
developer vetting,0,1,0%,79
nuxt developers,0,1,0%,79
mvp stack meaning,0,1,0%,82
servicenow appliance repair,0,1,0%,86
premade software,0,1,0%,93